{"cameraMode":{"drawMode":0,"name":"Shaded","section":"Shading Mode"},"sceneLighting":false,"audioPlay":false,"sceneViewState":{"showFog":true,"showMaterialUpdate":false,"showSkybox":true,"showFlares":true,"showImageEffects":true,"showParticleSystems":true},"in2DMode":false,"pivot":{"x":3.268648624420166,"y":-0.6002581119537354,"z":-2.851795196533203},"rotation":{"x":-0.15163137018680573,"y":0.704069972038269,"z":-0.15804266929626466,"w":-0.6755116581916809},"size":22.95950698852539,"orthographic":false}