{"cameraMode":{"drawMode":0,"name":"Shaded","section":"Shading Mode"},"sceneLighting":true,"audioPlay":false,"sceneViewState":{"showFog":true,"showMaterialUpdate":false,"showSkybox":true,"showFlares":true,"showImageEffects":true,"showParticleSystems":true},"in2DMode":false,"pivot":{"x":-7.1338887214660648,"y":0.7875099182128906,"z":-17.667339324951173},"rotation":{"x":-0.12592646479606629,"y":-0.028296519070863725,"z":0.0035954746417701246,"w":-0.991629421710968},"size":7.646597862243652,"orthographic":false}