{"cameraMode":{"drawMode":0,"name":"Shaded","section":"Shading Mode"},"sceneLighting":true,"audioPlay":false,"sceneViewState":{"showFog":true,"showMaterialUpdate":false,"showSkybox":true,"showFlares":true,"showImageEffects":true,"showParticleSystems":true},"in2DMode":false,"pivot":{"x":-3.469027519226074,"y":0.7480401992797852,"z":-12.038312911987305},"rotation":{"x":0.19809432327747346,"y":-0.061408475041389468,"z":0.012433954514563084,"w":0.9781784415245056},"size":10.398826599121094,"orthographic":false}